{"version":"0.4","title":"Footer2020","type":"footer","content":[{"id":"c17bcc0","settings":{"background_background":"classic","background_color_b":"#F0F0F0","background_gradient_type":"radial","shape_divider_top":"tilt","shape_divider_top_color":"rgba(35, 164, 85, 0.83)","shape_divider_top_height":{"unit":"px","size":86,"sizes":[]},"margin":{"unit":"px","top":"0","right":0,"bottom":"-121","left":0,"isLinked":false},"layout":"full_width","structure":"30","padding":{"unit":"px","top":"0","right":"0","bottom":"0","left":"0","isLinked":false},"stretch_section":"section-stretched","reverse_order_mobile":"reverse-mobile","background_color":"#FFFFFF","box_shadow_box_shadow_type":"yes","shape_divider_bottom":"tilt"},"elements":[{"id":"2b360b2f","settings":{"_column_size":33,"_inline_size":20},"elements":[{"id":"3d40d82b","settings":{"image":{"url":"https:\/\/ninaradiofm.com\/wp-content\/uploads\/2020\/04\/200x200-2.png","id":4082},"link_to":"custom","link":{"url":"https:\/\/www.youtube.com\/watch?v=cnxhwI_5IB4&feature=youtu.be","is_external":"on","nofollow":""},"image_size":"full","_margin":{"unit":"px","top":"43","right":"1","bottom":"1","left":"1","isLinked":false},"image_custom_dimension":{"width":"300","height":"300"},"image_border_radius":{"unit":"px","top":"4","right":"4","bottom":"4","left":"4","isLinked":true},"image_box_shadow_box_shadow_type":"yes"},"elements":[],"isInner":false,"widgetType":"image","elType":"widget"}],"isInner":false,"elType":"column"},{"id":"7cd36a99","settings":{"_column_size":33,"_inline_size":59.6640000000000014779288903810083866119384765625,"padding":{"unit":"px","top":"0","right":"0","bottom":"0","left":"0","isLinked":true},"margin":{"unit":"%","top":"5","right":"0","bottom":"0","left":"0","isLinked":false}},"elements":[{"id":"6e12be73","settings":{"structure":"30","layout":"full_width","height_inner":"min-height","custom_height_inner":{"unit":"px","size":0,"sizes":[]},"html_tag":"footer","content_position":"middle","background_overlay_background":"classic","background_overlay_image":{"url":"https:\/\/ninaradiofm.com\/wp-content\/uploads\/2020\/04\/icono-contacto.jpg","id":3104},"background_overlay_position":"center center","background_overlay_attachment":"scroll","background_overlay_size":"cover","background_overlay_opacity":{"unit":"px","size":0.2399999999999999911182158029987476766109466552734375,"sizes":[]},"css_filters_css_filter":"custom","css_filters_blur":{"unit":"px","size":2,"sizes":[]},"css_filters_brightness":{"unit":"px","size":81,"sizes":[]},"css_filters_contrast":{"unit":"px","size":150,"sizes":[]},"box_shadow_box_shadow_type":"yes","background_background":"classic"},"elements":[{"id":"277ca310","settings":{"_column_size":33,"_inline_size":29},"elements":[{"id":"30abbecd","settings":{"social_icon_list":[{"social_icon":{"value":"fab fa-facebook","library":"fa-brands"},"_id":"63b05f6","link":{"url":"https:\/\/www.facebook.com\/ninaradiopuyo\/","is_external":"true","nofollow":""},"item_icon_color":"default","item_icon_primary_color":"","item_icon_secondary_color":""},{"social_icon":{"value":"fab fa-twitter","library":"fa-brands"},"_id":"0bea9bf","link":{"url":"https:\/\/twitter.com\/NinaRadioFM","is_external":"true","nofollow":""},"item_icon_color":"default","item_icon_primary_color":"","item_icon_secondary_color":""}],"icon_size":{"unit":"px","size":15,"sizes":[]},"icon_spacing":{"unit":"px","size":65,"sizes":[]},"shape":"circle"},"elements":[],"isInner":false,"widgetType":"social-icons","elType":"widget"}],"isInner":true,"elType":"column"},{"id":"ce5fd6b","settings":{"_column_size":33,"_inline_size":41.35600000000000164845914696343243122100830078125},"elements":[{"id":"79286244","settings":{"editor":"<p><a href=\"https:\/\/ninaradiofm.com\/contactenos\/\"><b>\u00a0 Contacto<\/b><\/a><\/p><p><a href=\"tel:+593996869128\">0996869128<\/a><\/p><p><a href=\"mailto:salomonosorio@ninaradiofm.com\">salomonosorio@ninaradiofm.com<\/a><\/p>","align":"center","text_color":"#000000"},"elements":[],"isInner":false,"widgetType":"text-editor","elType":"widget"}],"isInner":true,"elType":"column"},{"id":"187174c","settings":{"_column_size":33,"_inline_size":29},"elements":[{"id":"6f585d5","settings":{"editor":"<p><b>Puyo - Pastaza <\/b><b><br \/>Ecuador<\/b><\/p>","align":"center","text_color":"#000000","typography_font_family":"Times New Roman","typography_font_size":{"unit":"px","size":22,"sizes":[]}},"elements":[],"isInner":false,"widgetType":"text-editor","elType":"widget"}],"isInner":true,"elType":"column"}],"isInner":true,"elType":"section"},{"id":"6e23f44a","settings":{"editor":"<p><span style=\"color: #000000; letter-spacing: -0.27px; text-align: center;\">\u00a92019 por NinaRadioFM<\/span><\/p>","align":"center","typography_typography":"custom","typography_font_weight":"bold"},"elements":[],"isInner":false,"widgetType":"text-editor","elType":"widget"}],"isInner":false,"elType":"column"},{"id":"427c3e86","settings":{"_column_size":33,"_inline_size":20},"elements":[{"id":"4d235f02","settings":{"image":{"url":"https:\/\/ninaradiofm.com\/wp-content\/uploads\/2020\/04\/200x200-v1.jpg","id":3545},"link_to":"custom","link":{"url":"https:\/\/www.youtube.com\/watch?v=nmanfJjgZmQ&feature=youtu.be","is_external":"on","nofollow":""},"image_size":"medium","_margin":{"unit":"px","top":"43","right":"1","bottom":"1","left":"1","isLinked":false},"image_border_radius":{"unit":"px","top":"4","right":"4","bottom":"4","left":"4","isLinked":true},"image_box_shadow_box_shadow_type":"yes"},"elements":[],"isInner":false,"widgetType":"image","elType":"widget"}],"isInner":false,"elType":"column"}],"isInner":false,"elType":"section"}]}